{
	"variables": [],
	"info": {
		"name": "Heroes",
		"_postman_id": "c1690d44-bf8c-b26b-fd44-ed8bb5a04d0d",
		"description": "",
		"schema": "https://schema.getpostman.com/json/collection/v2.0.0/collection.json"
	},
	"item": [
		{
			"name": "Get All Heroes",
			"request": {
				"url": "http://localhost:8098/api/heroes",
				"method": "GET",
				"header": [],
				"body": {},
				"description": "DST Heroes"
			},
			"response": []
		},
		{
			"name": "Get All Heroes w/ Paging",
			"request": {
				"url": {
					"raw": "http://localhost:8098/api/heroes?page=2&size=2",
					"protocol": "http",
					"host": [
						"localhost"
					],
					"port": "8098",
					"path": [
						"api",
						"heroes"
					],
					"query": [
						{
							"key": "page",
							"value": "2",
							"equals": true,
							"description": ""
						},
						{
							"key": "size",
							"value": "2",
							"equals": true,
							"description": ""
						}
					],
					"variable": []
				},
				"method": "GET",
				"header": [],
				"body": {},
				"description": "DST Heroes"
			},
			"response": []
		},
		{
			"name": "Get Hero by Id",
			"request": {
				"url": "http://localhost:8098/api/heroes/1e21e7a1-5abb-11e8-befd-fc3fdbfbbbdd",
				"method": "GET",
				"header": [],
				"body": {},
				"description": "DST Heroes"
			},
			"response": []
		},
		{
			"name": "Add a Hero",
			"request": {
				"url": "http://localhost:8098/api/heroes",
				"method": "POST",
				"header": [
					{
						"key": "Content-Type",
						"value": "application/json",
						"description": ""
					}
				],
				"body": {
					"mode": "raw",
					"raw": "{\n\t\"name\": \"Mr. T\"\n}"
				},
				"description": "Update a hero."
			},
			"response": []
		},
		{
			"name": "Update a Hero",
			"request": {
				"url": "http://localhost:8098/api/heroes",
				"method": "PUT",
				"header": [
					{
						"key": "Content-Type",
						"value": "application/json",
						"description": ""
					}
				],
				"body": {
					"mode": "raw",
					"raw": "{\n\t\"id\" : \"836c9d6d-5ac0-11e8-befd-fc3fdbfbbbdd\",\n\t\"name\" : \"Mr. TTT\"\n}"
				},
				"description": "Update a hero."
			},
			"response": []
		},
		{
			"name": "Delete Hero by id",
			"request": {
				"url": "http://localhost:8098/api/heroes/836c9d6d-5ac0-11e8-befd-fc3fdbfbbbdd",
				"method": "DELETE",
				"header": [],
				"body": {},
				"description": ""
			},
			"response": []
		}
	]
}